<application>
  <component name="VimEditorSettings">
    <editor />
  </component>
  <component name="VimHistorySettings">
    <history>
      <history-search>
        <entry encoding="base64">XDxyZWRpcmVjdFw+</entry>
        <entry>enableforeign</entry>
        <entry>compile</entry>
        <entry>compileenable</entry>
        <entry>compileEnable</entry>
        <entry>additional_js</entry>
        <entry>voyager-trash</entry>
      </history-search>
      <history-cmd />
      <history-expr />
      <history-input />
    </history>
  </component>
  <component name="VimKeySettings">
    <shortcut-conflicts>
      <shortcut-conflict owner="ide">
        <text>ctrl pressed W</text>
      </shortcut-conflict>
      <shortcut-conflict owner="ide">
        <text>ctrl pressed V</text>
      </shortcut-conflict>
      <shortcut-conflict owner="ide">
        <text>ctrl pressed A</text>
      </shortcut-conflict>
      <shortcut-conflict owner="ide">
        <text>ctrl pressed B</text>
      </shortcut-conflict>
      <shortcut-conflict owner="ide">
        <text>ctrl pressed X</text>
      </shortcut-conflict>
      <shortcut-conflict owner="ide">
        <text>ctrl pressed C</text>
      </shortcut-conflict>
      <shortcut-conflict owner="ide">
        <text>ctrl pressed S</text>
      </shortcut-conflict>
      <shortcut-conflict owner="ide">
        <text>ctrl pressed P</text>
      </shortcut-conflict>
      <shortcut-conflict owner="ide">
        <text>ctrl pressed R</text>
      </shortcut-conflict>
      <shortcut-conflict owner="ide">
        <text>ctrl pressed F</text>
      </shortcut-conflict>
    </shortcut-conflicts>
  </component>
  <component name="VimMarksSettings">
    <globalmarks />
    <filemarks>
      <file name="$USER_HOME$/Codes/hnb/.env" timestamp="1600837070935">
        <mark key="[" line="7" column="0" />
        <mark key="]" line="7" column="2" />
        <mark key="^" line="7" column="2" />
        <mark key="." line="7" column="1" />
      </file>
      <file name="$USER_HOME$/Codes/hnb/vendor/maatwebsite/excel/src/Facades/Excel.php" timestamp="1600852469211">
        <mark key="'" line="16" column="32" />
      </file>
      <file name="$USER_HOME$/Codes/hnb/app/Models/Inci.php" timestamp="1600854692852">
        <mark key="'" line="13" column="4" />
        <mark key="[" line="10" column="95" />
        <mark key="]" line="10" column="105" />
        <mark key="^" line="10" column="105" />
        <mark key="." line="10" column="104" />
      </file>
      <file name="$USER_HOME$/Codes/hnb/resources/lang/vi.json" timestamp="1600870373792">
        <mark key="[" line="21" column="28" />
        <mark key="]" line="21" column="28" />
        <mark key="^" line="21" column="24" />
        <mark key="." line="21" column="28" />
      </file>
      <file name="$USER_HOME$/Codes/hnb/resources/views/vendor/voyager/incis/edit-add.blade.php" timestamp="1600871530188">
        <mark key="'" line="269" column="0" />
        <mark key="[" line="29" column="45" />
        <mark key="]" line="33" column="14" />
        <mark key="." line="33" column="13" />
        <mark key="^" line="33" column="14" />
      </file>
      <file name="$USER_HOME$/Codes/hnb/app/Http/Controllers/Voyager/Inci/InciController.php" timestamp="1600872519319">
        <mark key="[" line="21" column="0" />
        <mark key="]" line="21" column="0" />
        <mark key="." line="21" column="0" />
      </file>
      <file name="$USER_HOME$/Codes/hnb/vendor/laravel/framework/src/Illuminate/Database/Schema/Builder.php" timestamp="1600869807618">
        <mark key="'" line="297" column="38" />
      </file>
      <file name="$USER_HOME$/Codes/hnb/vendor/laravel/framework/src/Illuminate/Database/Schema/Grammars/MySqlGrammar.php" timestamp="1600869886354">
        <mark key="'" line="330" column="22" />
      </file>
      <file name="$USER_HOME$/Codes/hnb/config/voyager.php" timestamp="1600870530507">
        <mark key="'" line="0" column="0" />
      </file>
      <file name="$USER_HOME$/Codes/hnb/app/Imports/IncisImport.php" timestamp="1600854306169">
        <mark key="[" line="13" column="24" />
        <mark key="]" line="13" column="28" />
        <mark key="." line="13" column="27" />
        <mark key="^" line="13" column="28" />
      </file>
      <file name="$USER_HOME$/Codes/hnb/vendor/tcg/voyager/src/Http/Controllers/VoyagerBaseController.php" timestamp="1600869424321">
        <mark key="'" line="20" column="15" />
        <mark key="[" line="406" column="0" />
        <mark key="]" line="406" column="83" />
      </file>
      <file name="$USER_HOME$/Codes/hnb/resources/views/vendor/voyager/master.blade.php" timestamp="1600870490834">
        <mark key="'" line="11" column="19" />
      </file>
      <file name="$USER_HOME$/Codes/hnb/app/Imports/Inci.php" timestamp="1600851934091">
        <mark key="[" line="4" column="0" />
        <mark key="]" line="4" column="20" />
        <mark key="." line="4" column="19" />
        <mark key="^" line="4" column="20" />
      </file>
      <file name="$USER_HOME$/Codes/hnb/vendor/maatwebsite/excel/src/Excel.php" timestamp="1600854886762">
        <mark key="'" line="11" column="36" />
      </file>
      <file name="$USER_HOME$/Codes/hnb/config/app.php" timestamp="1600850591287">
        <mark key="'" line="176" column="53" />
        <mark key="[" line="228" column="57" />
        <mark key="]" line="176" column="54" />
        <mark key="^" line="176" column="54" />
        <mark key="." line="176" column="53" />
      </file>
    </filemarks>
    <jumps>
      <jump line="0" column="0" filename="$USER_HOME$/Codes/hnb/config/app.php" />
      <jump line="176" column="53" filename="$USER_HOME$/Codes/hnb/config/app.php" />
      <jump line="16" column="32" filename="$USER_HOME$/Codes/hnb/vendor/maatwebsite/excel/src/Facades/Excel.php" />
      <jump line="21" column="0" filename="$USER_HOME$/Codes/hnb/app/Models/Inci.php" />
      <jump line="7" column="0" filename="$USER_HOME$/Codes/hnb/app/Models/Inci.php" />
      <jump line="15" column="4" filename="$USER_HOME$/Codes/hnb/app/Models/Inci.php" />
      <jump line="13" column="4" filename="$USER_HOME$/Codes/hnb/app/Models/Inci.php" />
      <jump line="12" column="23" filename="$USER_HOME$/Codes/hnb/app/Http/Controllers/Voyager/Inci/InciController.php" />
      <jump line="13" column="17" filename="$USER_HOME$/Codes/hnb/vendor/maatwebsite/excel/src/Excel.php" />
      <jump line="11" column="36" filename="$USER_HOME$/Codes/hnb/vendor/maatwebsite/excel/src/Excel.php" />
      <jump line="14" column="26" filename="$USER_HOME$/Codes/hnb/app/Http/Controllers/Voyager/Inci/InciController.php" />
      <jump line="419" column="17" filename="$USER_HOME$/Codes/hnb/vendor/tcg/voyager/src/Http/Controllers/VoyagerBaseController.php" />
      <jump line="341" column="16" filename="$USER_HOME$/Codes/hnb/vendor/tcg/voyager/src/Http/Controllers/VoyagerBaseController.php" />
      <jump line="338" column="13" filename="$USER_HOME$/Codes/hnb/vendor/tcg/voyager/src/Http/Controllers/VoyagerBaseController.php" />
      <jump line="336" column="13" filename="$USER_HOME$/Codes/hnb/vendor/tcg/voyager/src/Http/Controllers/VoyagerBaseController.php" />
      <jump line="765" column="19" filename="$USER_HOME$/Codes/hnb/vendor/tcg/voyager/src/Http/Controllers/VoyagerBaseController.php" />
      <jump line="525" column="15" filename="$USER_HOME$/Codes/hnb/vendor/tcg/voyager/src/Http/Controllers/VoyagerBaseController.php" />
      <jump line="489" column="15" filename="$USER_HOME$/Codes/hnb/vendor/tcg/voyager/src/Http/Controllers/VoyagerBaseController.php" />
      <jump line="424" column="20" filename="$USER_HOME$/Codes/hnb/vendor/tcg/voyager/src/Http/Controllers/VoyagerBaseController.php" />
      <jump line="421" column="28" filename="$USER_HOME$/Codes/hnb/vendor/tcg/voyager/src/Http/Controllers/VoyagerBaseController.php" />
      <jump line="20" column="15" filename="$USER_HOME$/Codes/hnb/vendor/tcg/voyager/src/Http/Controllers/VoyagerBaseController.php" />
      <jump line="298" column="37" filename="$USER_HOME$/Codes/hnb/vendor/laravel/framework/src/Illuminate/Database/Schema/Builder.php" />
      <jump line="297" column="38" filename="$USER_HOME$/Codes/hnb/vendor/laravel/framework/src/Illuminate/Database/Schema/Builder.php" />
      <jump line="43" column="41" filename="$USER_HOME$/Codes/hnb/vendor/laravel/framework/src/Illuminate/Database/Schema/Grammars/MySqlGrammar.php" />
      <jump line="56" column="20" filename="$USER_HOME$/Codes/hnb/vendor/laravel/framework/src/Illuminate/Database/Schema/Grammars/MySqlGrammar.php" />
      <jump line="58" column="22" filename="$USER_HOME$/Codes/hnb/vendor/laravel/framework/src/Illuminate/Database/Schema/Grammars/MySqlGrammar.php" />
      <jump line="65" column="22" filename="$USER_HOME$/Codes/hnb/vendor/laravel/framework/src/Illuminate/Database/Schema/Grammars/MySqlGrammar.php" />
      <jump line="72" column="61" filename="$USER_HOME$/Codes/hnb/vendor/laravel/framework/src/Illuminate/Database/Schema/Grammars/MySqlGrammar.php" />
      <jump line="74" column="19" filename="$USER_HOME$/Codes/hnb/vendor/laravel/framework/src/Illuminate/Database/Schema/Grammars/MySqlGrammar.php" />
      <jump line="85" column="23" filename="$USER_HOME$/Codes/hnb/vendor/laravel/framework/src/Illuminate/Database/Schema/Grammars/MySqlGrammar.php" />
      <jump line="102" column="23" filename="$USER_HOME$/Codes/hnb/vendor/laravel/framework/src/Illuminate/Database/Schema/Grammars/MySqlGrammar.php" />
      <jump line="133" column="23" filename="$USER_HOME$/Codes/hnb/vendor/laravel/framework/src/Illuminate/Database/Schema/Grammars/MySqlGrammar.php" />
      <jump line="151" column="20" filename="$USER_HOME$/Codes/hnb/vendor/laravel/framework/src/Illuminate/Database/Schema/Grammars/MySqlGrammar.php" />
      <jump line="157" column="19" filename="$USER_HOME$/Codes/hnb/vendor/laravel/framework/src/Illuminate/Database/Schema/Grammars/MySqlGrammar.php" />
      <jump line="167" column="20" filename="$USER_HOME$/Codes/hnb/vendor/laravel/framework/src/Illuminate/Database/Schema/Grammars/MySqlGrammar.php" />
      <jump line="181" column="20" filename="$USER_HOME$/Codes/hnb/vendor/laravel/framework/src/Illuminate/Database/Schema/Grammars/MySqlGrammar.php" />
      <jump line="185" column="22" filename="$USER_HOME$/Codes/hnb/vendor/laravel/framework/src/Illuminate/Database/Schema/Grammars/MySqlGrammar.php" />
      <jump line="195" column="20" filename="$USER_HOME$/Codes/hnb/vendor/laravel/framework/src/Illuminate/Database/Schema/Grammars/MySqlGrammar.php" />
      <jump line="197" column="22" filename="$USER_HOME$/Codes/hnb/vendor/laravel/framework/src/Illuminate/Database/Schema/Grammars/MySqlGrammar.php" />
      <jump line="207" column="20" filename="$USER_HOME$/Codes/hnb/vendor/laravel/framework/src/Illuminate/Database/Schema/Grammars/MySqlGrammar.php" />
      <jump line="209" column="22" filename="$USER_HOME$/Codes/hnb/vendor/laravel/framework/src/Illuminate/Database/Schema/Grammars/MySqlGrammar.php" />
      <jump line="219" column="20" filename="$USER_HOME$/Codes/hnb/vendor/laravel/framework/src/Illuminate/Database/Schema/Grammars/MySqlGrammar.php" />
      <jump line="221" column="22" filename="$USER_HOME$/Codes/hnb/vendor/laravel/framework/src/Illuminate/Database/Schema/Grammars/MySqlGrammar.php" />
      <jump line="232" column="23" filename="$USER_HOME$/Codes/hnb/vendor/laravel/framework/src/Illuminate/Database/Schema/Grammars/MySqlGrammar.php" />
      <jump line="250" column="20" filename="$USER_HOME$/Codes/hnb/vendor/laravel/framework/src/Illuminate/Database/Schema/Grammars/MySqlGrammar.php" />
      <jump line="262" column="20" filename="$USER_HOME$/Codes/hnb/vendor/laravel/framework/src/Illuminate/Database/Schema/Grammars/MySqlGrammar.php" />
      <jump line="274" column="20" filename="$USER_HOME$/Codes/hnb/vendor/laravel/framework/src/Illuminate/Database/Schema/Grammars/MySqlGrammar.php" />
      <jump line="288" column="20" filename="$USER_HOME$/Codes/hnb/vendor/laravel/framework/src/Illuminate/Database/Schema/Grammars/MySqlGrammar.php" />
      <jump line="300" column="20" filename="$USER_HOME$/Codes/hnb/vendor/laravel/framework/src/Illuminate/Database/Schema/Grammars/MySqlGrammar.php" />
      <jump line="314" column="20" filename="$USER_HOME$/Codes/hnb/vendor/laravel/framework/src/Illuminate/Database/Schema/Grammars/MySqlGrammar.php" />
      <jump line="328" column="20" filename="$USER_HOME$/Codes/hnb/vendor/laravel/framework/src/Illuminate/Database/Schema/Grammars/MySqlGrammar.php" />
      <jump line="330" column="22" filename="$USER_HOME$/Codes/hnb/vendor/laravel/framework/src/Illuminate/Database/Schema/Grammars/MySqlGrammar.php" />
      <jump line="11" column="19" filename="$USER_HOME$/Codes/hnb/resources/views/vendor/voyager/master.blade.php" />
      <jump line="0" column="0" filename="$USER_HOME$/Codes/hnb/config/voyager.php" />
      <jump line="249" column="90" filename="$USER_HOME$/Codes/hnb/resources/views/vendor/voyager/incis/edit-add.blade.php" />
      <jump line="181" column="0" filename="$USER_HOME$/Codes/hnb/resources/views/vendor/voyager/incis/edit-add.blade.php" />
      <jump line="269" column="0" filename="$USER_HOME$/Codes/hnb/resources/views/vendor/voyager/incis/edit-add.blade.php" />
    </jumps>
  </component>
  <component name="VimRegisterSettings">
    <registers>
      <register name="&quot;" type="2">
        <text encoding="base64">Cg==</text>
      </register>
      <register name="-" type="4">
        <text>test</text>
      </register>
      <register name="/" type="4">
        <text>voyager-trash</text>
      </register>
      <register name="0" type="2">
        <text encoding="base64">ICAgICJDcmVhdGUgTWFudWFsbHkiOiAiVGjDqm0gbeG7m2kiLAo=</text>
      </register>
      <register name="1" type="2">
        <text encoding="base64">Cg==</text>
      </register>
      <register name="2" type="2">
        <text encoding="base64">ICAgIHB1YmxpYyBmdW5jdGlvbiBkYWR1eGFuaCgpCiAgICB7CiAgICAgICAgYWthawogICAgfQo=</text>
      </register>
      <register name="3" type="2">
        <text encoding="base64">ICAgIHB1YmxpYyBmdW5jdGlvbiB0ZXN0KCkKICAgIHsKICAgICAgICAvLwogICAgfQo=</text>
      </register>
      <register name="4" type="2">
        <text encoding="base64">ICAgIAo=</text>
      </register>
      <register name="5" type="2">
        <text encoding="base64">ICAgIHByb3RlY3RlZCBmdW5jdGlvbiByZXNvdXJjZU1ldGhvZHNXaXRob3V0TW9kZWxzKCkKICAgIHsKICAgIH0K</text>
      </register>
      <register name="6" type="4">
        <text encoding="base64">PGkgY2xhc3M9InZveWFnZXItd2FybmluZyI+PC9pPiB7eyBfXygndm95YWdlcjo6Z2VuZXJpYy5hcmVfeW91X3N1cmUnKSB9fQogICAgICAgICAgICAgICAgICAgIA==</text>
      </register>
      <register name="7" type="2">
        <text encoding="base64">ICAgICAgICByZXR1cm4gYmFjaygpLT53aXRoKCdzdWNjZXNzJywgJ0ltcG9ydCBzdWNjZXNzZnVsbHknKTsK</text>
      </register>
      <register name="8" type="2">
        <text encoding="base64">ICAgIHB1YmxpYyAkID0gW107Cg==</text>
      </register>
      <register name="9" type="4">
        <text>[
            //
        ]</text>
      </register>
    </registers>
  </component>
  <component name="VimSearchSettings">
    <search>
      <last-search>voyager-trash</last-search>
      <last-offset />
      <last-pattern>voyager-trash</last-pattern>
      <last-dir>1</last-dir>
      <show-last>false</show-last>
    </search>
  </component>
  <component name="VimSettings">
    <state version="6" enabled="true" />
    <notifications>
      <idea-join enabled="false" />
      <idea-put enabled="false" />
    </notifications>
  </component>
</application>