<application>
  <component name="WebServers">
    <option name="servers">
      <webServer id="b8809860-56db-472a-b2c1-ce579315e1e4" name="Hnb" url="http://hnb.test">
        <fileTransfer port="0" accessType="LOCAL" />
      </webServer>
      <webServer id="e9fe063c-4849-4120-a8b5-296f55e041e8" name="Thaonco" url="http://thaonco-be.test">
        <fileTransfer port="0" accessType="LOCAL" />
      </webServer>
      <webServer id="e12790d6-8a9d-4dc2-8018-f1635a8a5974" name="Coffe Shop" url="http://coffee-shop.test">
        <fileTransfer port="0" accessType="LOCAL" />
      </webServer>
      <webServer id="a6e09c61-c755-4e07-a557-79e3d2f634ba" name="Alice" url="http://alice.test">
        <fileTransfer port="0" accessType="LOCAL" />
      </webServer>
      <webServer id="27ab52b5-d01d-4cef-a5cb-2691f43c491c" name="HRM" url="http://hrm.test">
        <fileTransfer port="0" accessType="LOCAL" />
      </webServer>
      <webServer id="ca566191-a8eb-435e-a2ca-7a344d758db2" name="Thaonco FE" url="http://localhost:3000">
        <fileTransfer port="0" accessType="LOCAL" />
      </webServer>
      <webServer id="b940758a-8a35-42af-8a18-4af8eefe348a" name="Euda Backend" url="http://euda-backend.test">
        <fileTransfer port="0" accessType="LOCAL" />
      </webServer>
      <webServer id="d164c1c3-327a-4311-abd7-3989607df5a3" name="Home Service" url="http://homeservice.alice.test">
        <fileTransfer port="0" accessType="LOCAL" />
      </webServer>
      <webServer id="70b21d8d-d001-4ed5-8cbf-ac9c1352f88f" name="Euda Hrm" url="http://localhost:8081">
        <fileTransfer port="0" accessType="LOCAL" />
      </webServer>
    </option>
  </component>
</application>