<application>
  <component name="WebServers">
    <option name="servers">
      <webServer id="b8809860-56db-472a-b2c1-ce579315e1e4" name="Hnb" url="http://hnb.test">
        <fileTransfer port="0" accessType="LOCAL" />
      </webServer>
      <webServer id="e9fe063c-4849-4120-a8b5-296f55e041e8" name="Thaonco" url="http://thaonco-be.test">
        <fileTransfer port="0" accessType="LOCAL" />
      </webServer>
      <webServer id="e12790d6-8a9d-4dc2-8018-f1635a8a5974" name="Coffe Shop" url="http://coffee-shop.test">
        <fileTransfer port="0" accessType="LOCAL" />
      </webServer>
      <webServer id="a6e09c61-c755-4e07-a557-79e3d2f634ba" name="Alice" url="http://alice.test">
        <fileTransfer port="0" accessType="LOCAL" />
      </webServer>
    </option>
  </component>
</application>