<keymap version="1" name="vuongtran keymap" parent="Default for GNOME">
  <action id="ActivateProjectToolWindow">
    <keyboard-shortcut first-keystroke="ctrl b" />
  </action>
  <action id="CloseContent">
    <keyboard-shortcut first-keystroke="ctrl w" />
  </action>
  <action id="EditorSelectWord" />
  <action id="FileChooser.TogglePathShowing" />
  <action id="FileStructurePopup">
    <keyboard-shortcut first-keystroke="ctrl r" />
  </action>
  <action id="GotoDeclaration">
    <mouse-shortcut keystroke="control button1" />
  </action>
  <action id="GotoFile">
    <keyboard-shortcut first-keystroke="ctrl p" />
  </action>
  <action id="GotoSymbol">
    <keyboard-shortcut first-keystroke="shift ctrl r" />
  </action>
  <action id="Jdbc.OpenEditor.DDL">
    <mouse-shortcut keystroke="control button1" />
  </action>
  <action id="ParameterInfo" />
  <action id="Replace" />
  <action id="ReplaceInPath" />
</keymap>